{"cameraMode":{"drawMode":0,"name":"Shaded","section":"Shading Mode"},"sceneLighting":false,"audioPlay":false,"sceneViewState":{"showFog":true,"showMaterialUpdate":false,"showSkybox":false,"showFlares":true,"showImageEffects":true,"showParticleSystems":true},"in2DMode":false,"pivot":{"x":6.355010986328125,"y":1.0,"z":0.5600000023841858},"rotation":{"x":0.06176949292421341,"y":0.005983590614050627,"z":-0.00036848612944595516,"w":0.99808269739151},"size":3.01053524017334,"orthographic":false}