{"cameraMode":{"drawMode":0,"name":"Shaded","section":"Shading Mode"},"sceneLighting":true,"audioPlay":false,"sceneViewState":{"showFog":true,"showMaterialUpdate":false,"showSkybox":true,"showFlares":true,"showImageEffects":true,"showParticleSystems":true},"in2DMode":false,"pivot":{"x":2.25836181640625,"y":-0.017078354954719545,"z":-3.682058334350586},"rotation":{"x":0.04984100162982941,"y":0.9470009207725525,"z":-0.18114525079727174,"w":0.2605614960193634},"size":4.592137813568115,"orthographic":true}